﻿<?xml version="1.0" encoding="utf-8"?>
<AppVariables version="2.0">
  <Datasets>
    <Dataset id="gds_menu">
      <ColumnInfo>
        <Column id="MENU_ID" type="STRING" size="256"/>
        <Column id="MENU_NAME" type="STRING" size="256"/>
        <Column id="MENU_LEVEL" type="STRING" size="256"/>
        <Column id="FORM_URL" type="STRING" size="256"/>
        <Column id="MENU_ICON" type="STRING" size="256"/>
        <Column id="MENU_ENABLE" type="STRING" size="256"/>
        <Column id="MENU_KEY" type="STRING" size="256"/>
        <Column id="MENU_FLAG" type="STRING" size="256"/>
      </ColumnInfo>
      <Rows>
        <Row>
          <Col id="MENU_ID">10</Col>
          <Col id="MENU_NAME">Application</Col>
          <Col id="MENU_LEVEL">0</Col>
          <Col id="MENU_ENABLE">1</Col>
          <Col id="MENU_FLAG">1</Col>
        </Row>
        <Row>
          <Col id="MENU_ID">1010</Col>
          <Col id="MENU_NAME">Environment</Col>
          <Col id="MENU_LEVEL">1</Col>
          <Col id="FORM_URL">EnvApp::EnvApp_Base.xfdl</Col>
          <Col id="MENU_ENABLE">1</Col>
          <Col id="MENU_FLAG">1</Col>
        </Row>
        <Row>
          <Col id="MENU_ID">1020</Col>
          <Col id="MENU_NAME">App</Col>
          <Col id="MENU_LEVEL">1</Col>
          <Col id="FORM_URL"/>
          <Col id="MENU_ENABLE">1</Col>
          <Col id="MENU_KEY"/>
          <Col id="MENU_FLAG">0</Col>
        </Row>
        <Row>
          <Col id="MENU_ID">1030</Col>
          <Col id="MENU_NAME">System</Col>
          <Col id="MENU_LEVEL">1</Col>
          <Col id="MENU_ENABLE">1</Col>
          <Col id="MENU_FLAG">0</Col>
        </Row>
        <Row>
          <Col id="MENU_ID">20</Col>
          <Col id="MENU_NAME">Form</Col>
          <Col id="MENU_LEVEL">0</Col>
          <Col id="FORM_URL"/>
          <Col id="MENU_ENABLE">1</Col>
          <Col id="MENU_FLAG">1</Col>
        </Row>
        <Row>
          <Col id="MENU_ID">2010</Col>
          <Col id="MENU_NAME">Hello</Col>
          <Col id="MENU_LEVEL">1</Col>
          <Col id="FORM_URL">Base::Hello.xfdl</Col>
          <Col id="MENU_ENABLE">1</Col>
          <Col id="MENU_FLAG">1</Col>
        </Row>
        <Row>
          <Col id="MENU_ID">2020</Col>
          <Col id="MENU_NAME">Employees</Col>
          <Col id="MENU_LEVEL">1</Col>
          <Col id="MENU_ENABLE">1</Col>
          <Col id="FORM_URL">Form::Form_Emp.xfdl</Col>
          <Col id="MENU_KEY">Ctrl+E</Col>
          <Col id="MENU_FLAG">1</Col>
        </Row>
        <Row>
          <Col id="MENU_ID">30</Col>
          <Col id="MENU_NAME">Component</Col>
          <Col id="MENU_LEVEL">0</Col>
          <Col id="FORM_URL"/>
          <Col id="MENU_ENABLE">1</Col>
          <Col id="MENU_ICON"/>
          <Col id="MENU_KEY">Ctrl+B</Col>
          <Col id="MENU_FLAG">1</Col>
        </Row>
        <Row>
          <Col id="MENU_ID">3010</Col>
          <Col id="MENU_NAME">List</Col>
          <Col id="MENU_LEVEL">1</Col>
          <Col id="FORM_URL">Comp::Comp_Base.xfdl</Col>
          <Col id="MENU_ENABLE">1</Col>
          <Col id="MENU_ICON"/>
          <Col id="MENU_FLAG">1</Col>
        </Row>
        <Row>
          <Col id="MENU_ID">3020</Col>
          <Col id="MENU_NAME">Base</Col>
          <Col id="MENU_LEVEL">1</Col>
          <Col id="FORM_URL"/>
          <Col id="MENU_ENABLE">1</Col>
          <Col id="MENU_ICON"/>
          <Col id="MENU_FLAG">1</Col>
        </Row>
        <Row>
          <Col id="MENU_ID">3020010</Col>
          <Col id="MENU_NAME">Button</Col>
          <Col id="MENU_LEVEL">2</Col>
          <Col id="FORM_URL">Comp::Comp_Button.xfdl</Col>
          <Col id="MENU_ENABLE">1</Col>
          <Col id="MENU_ICON">Images::img_comp_button.png</Col>
          <Col id="MENU_KEY">Ctrl+C</Col>
          <Col id="MENU_FLAG">1</Col>
        </Row>
        <Row>
          <Col id="MENU_ID">3020020</Col>
          <Col id="MENU_NAME">Calendar</Col>
          <Col id="MENU_LEVEL">2</Col>
          <Col id="FORM_URL">Comp::Comp_Calendar.xfdl</Col>
          <Col id="MENU_ENABLE">1</Col>
          <Col id="MENU_ICON">Images::img_comp_cal.png</Col>
          <Col id="MENU_KEY">Ctrl+B</Col>
          <Col id="MENU_FLAG">1</Col>
        </Row>
        <Row>
          <Col id="MENU_ID">3020030</Col>
          <Col id="MENU_NAME">CheckBox</Col>
          <Col id="MENU_LEVEL">2</Col>
          <Col id="FORM_URL">Comp::Comp_CheckBox.xfdl</Col>
          <Col id="MENU_ENABLE">1</Col>
          <Col id="MENU_ICON">Images::img_comp_check.png</Col>
          <Col id="MENU_FLAG">1</Col>
        </Row>
        <Row>
          <Col id="MENU_ID">3020040</Col>
          <Col id="MENU_NAME">Combo</Col>
          <Col id="MENU_LEVEL">2</Col>
          <Col id="FORM_URL">Comp::Comp_Combo.xfdl</Col>
          <Col id="MENU_ENABLE">1</Col>
          <Col id="MENU_ICON">Images::img_comp_combo.png</Col>
          <Col id="MENU_KEY">Ctrl+G</Col>
          <Col id="MENU_FLAG">1</Col>
        </Row>
        <Row>
          <Col id="MENU_ID">3020050</Col>
          <Col id="MENU_NAME">Div</Col>
          <Col id="MENU_LEVEL">2</Col>
          <Col id="FORM_URL">Comp::Comp_div.xfdl</Col>
          <Col id="MENU_ENABLE">1</Col>
          <Col id="MENU_ICON"/>
          <Col id="MENU_KEY">Alt+E</Col>
          <Col id="MENU_FLAG">1</Col>
        </Row>
        <Row>
          <Col id="MENU_ID">3020060</Col>
          <Col id="MENU_NAME">Edit</Col>
          <Col id="MENU_LEVEL">2</Col>
          <Col id="FORM_URL">Comp::Comp_Edit.xfdl</Col>
          <Col id="MENU_ENABLE">1</Col>
          <Col id="MENU_ICON">Images::img_comp_edit.png</Col>
          <Col id="MENU_FLAG">1</Col>
        </Row>
        <Row>
          <Col id="MENU_ID">3020070</Col>
          <Col id="MENU_NAME">Grid</Col>
          <Col id="MENU_LEVEL">2</Col>
          <Col id="FORM_URL">Comp::Comp_Grid.xfdl</Col>
          <Col id="MENU_ENABLE">1</Col>
          <Col id="MENU_ICON">Images::img_comp_grid.png</Col>
          <Col id="MENU_KEY">Alt+G</Col>
          <Col id="MENU_FLAG">1</Col>
        </Row>
        <Row>
          <Col id="MENU_ID">3020080</Col>
          <Col id="MENU_NAME">Grid Cell</Col>
          <Col id="MENU_LEVEL">2</Col>
          <Col id="FORM_URL">Comp::Comp_Grid_Cell.xfdl</Col>
          <Col id="MENU_ENABLE">1</Col>
          <Col id="MENU_ICON"/>
          <Col id="MENU_FLAG">1</Col>
        </Row>
        <Row>
          <Col id="MENU_ID">3020090</Col>
          <Col id="MENU_NAME">ImageViewer</Col>
          <Col id="MENU_LEVEL">2</Col>
          <Col id="FORM_URL">Comp::Comp_ImageViewer.xfdl</Col>
          <Col id="MENU_ENABLE">1</Col>
          <Col id="MENU_ICON">Images::img_comp_image.png</Col>
          <Col id="MENU_KEY">Ctrl+Shift+G</Col>
          <Col id="MENU_FLAG">1</Col>
        </Row>
        <Row>
          <Col id="MENU_ID">3020100</Col>
          <Col id="MENU_NAME">ListBox</Col>
          <Col id="MENU_LEVEL">2</Col>
          <Col id="FORM_URL">Comp::Comp_ListBox.xfdl</Col>
          <Col id="MENU_ENABLE">1</Col>
          <Col id="MENU_ICON">Images::img_comp_list.png</Col>
          <Col id="MENU_FLAG">1</Col>
        </Row>
        <Row>
          <Col id="MENU_ID">3020110</Col>
          <Col id="MENU_NAME">MaskEdit</Col>
          <Col id="MENU_LEVEL">2</Col>
          <Col id="FORM_URL">Comp::Comp_MaskEdit.xfdl</Col>
          <Col id="MENU_ENABLE">1</Col>
          <Col id="MENU_ICON">Images::img_comp_mask.png</Col>
          <Col id="MENU_FLAG">1</Col>
        </Row>
        <Row>
          <Col id="MENU_ID">3020120</Col>
          <Col id="MENU_NAME">PopupDiv</Col>
          <Col id="MENU_LEVEL">2</Col>
          <Col id="FORM_URL"/>
          <Col id="MENU_ENABLE">0</Col>
          <Col id="MENU_ICON"/>
          <Col id="MENU_FLAG">0</Col>
        </Row>
        <Row>
          <Col id="MENU_ID">3020130</Col>
          <Col id="MENU_NAME">ProgreeBar</Col>
          <Col id="MENU_LEVEL">2</Col>
          <Col id="FORM_URL">Comp::Comp_ProgressBar.xfdl</Col>
          <Col id="MENU_ENABLE">1</Col>
          <Col id="MENU_ICON">Images::img_comp_progress.png</Col>
          <Col id="MENU_FLAG">1</Col>
        </Row>
        <Row>
          <Col id="MENU_ID">3020140</Col>
          <Col id="MENU_NAME">Radio</Col>
          <Col id="MENU_LEVEL">2</Col>
          <Col id="FORM_URL">Comp::Comp_Radio.xfdl</Col>
          <Col id="MENU_ENABLE">1</Col>
          <Col id="MENU_ICON">Images::img_comp_radio.png</Col>
          <Col id="MENU_FLAG">1</Col>
        </Row>
        <Row>
          <Col id="MENU_ID">3020150</Col>
          <Col id="MENU_NAME">Spin</Col>
          <Col id="MENU_LEVEL">2</Col>
          <Col id="FORM_URL">Comp::Comp_Spin.xfdl</Col>
          <Col id="MENU_ENABLE">1</Col>
          <Col id="MENU_ICON">Images::img_comp_spin.png</Col>
          <Col id="MENU_FLAG">1</Col>
        </Row>
        <Row>
          <Col id="MENU_ID">3020160</Col>
          <Col id="MENU_NAME">Static</Col>
          <Col id="MENU_LEVEL">2</Col>
          <Col id="FORM_URL">Comp::Comp_Static.xfdl</Col>
          <Col id="MENU_ENABLE">1</Col>
          <Col id="MENU_ICON">Images::img_comp_static.png</Col>
          <Col id="MENU_FLAG">1</Col>
        </Row>
        <Row>
          <Col id="MENU_ID">3020170</Col>
          <Col id="MENU_NAME">Tab</Col>
          <Col id="MENU_LEVEL">2</Col>
          <Col id="FORM_URL">Comp::Comp_tab.xfdl</Col>
          <Col id="MENU_ENABLE">1</Col>
          <Col id="MENU_FLAG">1</Col>
        </Row>
        <Row>
          <Col id="MENU_ID">3020180</Col>
          <Col id="MENU_NAME">TexaArea</Col>
          <Col id="MENU_LEVEL">2</Col>
          <Col id="FORM_URL">Comp::Comp_TextArea.xfdl</Col>
          <Col id="MENU_ENABLE">1</Col>
          <Col id="MENU_ICON">Images::img_comp_txt.png</Col>
          <Col id="MENU_FLAG">1</Col>
        </Row>
        <Row>
          <Col id="MENU_ID">3020190</Col>
          <Col id="MENU_NAME">Dataset</Col>
          <Col id="MENU_LEVEL">2</Col>
          <Col id="FORM_URL">Comp::Comp_Dataset.xfdl</Col>
          <Col id="MENU_ENABLE">1</Col>
          <Col id="MENU_FLAG">1</Col>
        </Row>
        <Row>
          <Col id="MENU_ID">3030</Col>
          <Col id="MENU_NAME">Extend</Col>
          <Col id="MENU_LEVEL">1</Col>
          <Col id="FORM_URL"/>
          <Col id="MENU_ENABLE">0</Col>
          <Col id="MENU_FLAG">1</Col>
        </Row>
        <Row>
          <Col id="MENU_ID">3030010</Col>
          <Col id="MENU_NAME">File Up/Download</Col>
          <Col id="MENU_LEVEL">2</Col>
          <Col id="MENU_ENABLE">0</Col>
          <Col id="FORM_URL">CompExt::CompExt_FileUpDown.xfdl</Col>
          <Col id="MENU_FLAG">1</Col>
        </Row>
        <Row>
          <Col id="MENU_ID">3030020</Col>
          <Col id="MENU_NAME">Sketch</Col>
          <Col id="MENU_LEVEL">2</Col>
          <Col id="FORM_URL">CompExt::CompExt_Sketch.xfdl</Col>
          <Col id="MENU_ENABLE">0</Col>
          <Col id="MENU_FLAG">1</Col>
        </Row>
        <Row>
          <Col id="MENU_ID">3030030</Col>
          <Col id="MENU_NAME">WebBrowser</Col>
          <Col id="MENU_LEVEL">2</Col>
          <Col id="MENU_ENABLE">0</Col>
          <Col id="FORM_URL">CompExt::CompExt_WebBrowser.xfdl</Col>
          <Col id="MENU_FLAG">1</Col>
        </Row>
        <Row>
          <Col id="MENU_ID">3030040</Col>
          <Col id="MENU_NAME">GoogleMap</Col>
          <Col id="MENU_LEVEL">2</Col>
          <Col id="MENU_ENABLE">0</Col>
          <Col id="FORM_URL">CompExt::CompExt_GoogleMap.xfdl</Col>
          <Col id="MENU_FLAG">1</Col>
        </Row>
        <Row>
          <Col id="MENU_ID">3030050</Col>
          <Col id="MENU_NAME">Excel Object</Col>
          <Col id="MENU_LEVEL">2</Col>
          <Col id="MENU_ENABLE">0</Col>
          <Col id="FORM_URL">CompExt::CompExt_Excel.xfdl</Col>
          <Col id="MENU_FLAG">0</Col>
        </Row>
        <Row>
          <Col id="MENU_ID">3040</Col>
          <Col id="MENU_NAME">Common</Col>
          <Col id="MENU_LEVEL">1</Col>
          <Col id="MENU_ENABLE">1</Col>
          <Col id="MENU_FLAG">1</Col>
        </Row>
        <Row>
          <Col id="MENU_ID">3040010</Col>
          <Col id="MENU_NAME">Bind</Col>
          <Col id="MENU_LEVEL">2</Col>
          <Col id="FORM_URL">CompCom::CompCom_Bind.xfdl</Col>
          <Col id="MENU_ENABLE">1</Col>
          <Col id="MENU_FLAG">1</Col>
        </Row>
        <Row>
          <Col id="MENU_ID">3040020</Col>
          <Col id="MENU_NAME">Event</Col>
          <Col id="MENU_LEVEL">2</Col>
          <Col id="FORM_URL">CompCom::CompCom_Event.xfdl</Col>
          <Col id="MENU_ENABLE">1</Col>
          <Col id="MENU_FLAG">1</Col>
        </Row>
        <Row>
          <Col id="MENU_ID">3040030</Col>
          <Col id="MENU_NAME">Position(Arrange)</Col>
          <Col id="MENU_LEVEL">2</Col>
          <Col id="FORM_URL">CompCom::CompCom_Arrange.xfdl</Col>
          <Col id="MENU_ENABLE">1</Col>
          <Col id="MENU_FLAG">1</Col>
        </Row>
        <Row>
          <Col id="MENU_ID">40</Col>
          <Col id="MENU_NAME">Sample</Col>
          <Col id="MENU_LEVEL">0</Col>
          <Col id="MENU_ENABLE">1</Col>
          <Col id="MENU_FLAG">1</Col>
        </Row>
        <Row>
          <Col id="MENU_ID">4010</Col>
          <Col id="MENU_NAME">ArrangeFit</Col>
          <Col id="MENU_LEVEL">1</Col>
          <Col id="FORM_URL">Smpl::ArrangeFit.xfdl</Col>
          <Col id="MENU_ENABLE">1</Col>
          <Col id="MENU_FLAG">1</Col>
        </Row>
        <Row>
          <Col id="MENU_ID">4020</Col>
          <Col id="MENU_NAME">ArrangeSplit</Col>
          <Col id="MENU_LEVEL">1</Col>
          <Col id="FORM_URL">Smpl::ArrangeSplit.xfdl</Col>
          <Col id="MENU_ENABLE">1</Col>
          <Col id="MENU_FLAG">1</Col>
        </Row>
        <Row>
          <Col id="MENU_ID">4030</Col>
          <Col id="MENU_NAME">Grid Sum</Col>
          <Col id="MENU_LEVEL">1</Col>
          <Col id="FORM_URL">Smpl::GridSum.xfdl</Col>
          <Col id="MENU_ENABLE">1</Col>
          <Col id="MENU_FLAG">1</Col>
        </Row>
        <Row>
          <Col id="MENU_ID">4040</Col>
          <Col id="MENU_NAME">Grid Tree</Col>
          <Col id="MENU_LEVEL">1</Col>
          <Col id="FORM_URL">Smpl::GridTree.xfdl</Col>
          <Col id="MENU_ENABLE">1</Col>
          <Col id="MENU_FLAG">1</Col>
        </Row>
        <Row>
          <Col id="MENU_ID">50</Col>
          <Col id="MENU_NAME">Template</Col>
          <Col id="MENU_LEVEL">0</Col>
          <Col id="MENU_ENABLE">1</Col>
          <Col id="MENU_FLAG">0</Col>
        </Row>
      </Rows>
    </Dataset>
    <Dataset id="gds_openForm">
      <ColumnInfo>
        <Column id="FORM_ID" type="STRING" size="256"/>
        <Column id="MENU_ID" type="STRING" size="256"/>
        <Column id="MENU_NAME" type="STRING" size="256"/>
        <Column id="FORM_URL" type="STRING" size="256"/>
      </ColumnInfo>
    </Dataset>
    <Dataset id="App_Dataset">
      <ColumnInfo>
        <Column id="FULL_NAME" type="STRING" size="256"/>
        <Column id="DEPT_CD" type="STRING" size="256"/>
        <Column id="SALARY" type="INT" size="256"/>
      </ColumnInfo>
      <Rows>
        <Row>
          <Col id="FULL_NAME">Olivia</Col>
          <Col id="DEPT_CD">01</Col>
          <Col id="SALARY">83000</Col>
        </Row>
        <Row>
          <Col id="FULL_NAME">John</Col>
          <Col id="DEPT_CD">02</Col>
          <Col id="SALARY">76000</Col>
        </Row>
        <Row>
          <Col id="FULL_NAME">Jackson</Col>
          <Col id="DEPT_CD">03</Col>
          <Col id="SALARY">95000</Col>
        </Row>
        <Row>
          <Col id="FULL_NAME">Maia</Col>
          <Col id="DEPT_CD">04</Col>
          <Col id="SALARY">60000</Col>
        </Row>
      </Rows>
    </Dataset>
    <Dataset id="gds_message">
      <ColumnInfo>
        <Column id="MSG_ID" type="STRING" size="256"/>
        <Column id="MSG_TEXT" type="STRING" size="256"/>
        <Column id="MSG_TEXTD_EN" type="STRING" size="256"/>
        <Column id="MSG_TYPE" type="STRING" size="2"/>
      </ColumnInfo>
      <Rows>
        <Row>
          <Col id="MSG_ID">msg.add.success</Col>
          <Col id="MSG_TEXT">추가 되었습니다.</Col>
          <Col id="MSG_TEXTD_EN">Successfully Inserted.</Col>
          <Col id="MSG_TYPE">A</Col>
        </Row>
        <Row>
          <Col id="MSG_ID">msg.save.success</Col>
          <Col id="MSG_TEXT">저장 되었습니다.</Col>
          <Col id="MSG_TEXTD_EN">Successfully Saved</Col>
          <Col id="MSG_TYPE">A</Col>
        </Row>
        <Row>
          <Col id="MSG_ID">confirm.before.delete</Col>
          <Col id="MSG_TEXT">선택된 자료를 삭제 하시겠습니까?</Col>
          <Col id="MSG_TEXTD_EN">Really dalete?</Col>
          <Col id="MSG_TYPE">A</Col>
        </Row>
      </Rows>
    </Dataset>
  </Datasets>
  <Variables>
    <Variable id="gv_variable" initval="nexacro patform"/>
    <Variable id="App_Var1" initval="App Variable Value1"/>
    <Variable id="App_Var2" initval="App Variable Value2"/>
  </Variables>
  <DataObjects/>
</AppVariables>
